User/Vedio,Yaw,Pitch,Roll,Time(s)
,1.43349,4.06508,-2.76677,0.635672995
Vedio-3,1.45376,3.65779,-2.36268,0.666912885
,1.4492,3.32005,-2.0818,0.702259955
,1.42609,3.1179,-1.9601,0.733620755
,1.37712,2.95485,-1.89543,0.768959585
,1.29265,2.81434,-1.86463,0.800244805
,1.08824,2.60778,-1.84372,0.835378075
,0.672904,2.32015,-1.82068,0.870729165
,0.0623383,2.00065,-1.79209,0.902268995
,-0.944561,1.62323,-1.74654,0.937828495
,-2.08407,1.33074,-1.70083,0.968506445
,-3.44649,1.09515,-1.67227,1.000006365
,-5.08224,0.92507,-1.66842,1.035577825
,-6.52185,0.84261,-1.67128,1.067358005
,-7.99551,0.78892,-1.67689,1.101820715
,-9.34489,0.74301,-1.68297,1.137179495
,-10.4956,0.69336,-1.69706,1.168518348
,-11.3478,0.65448,-1.71164,1.200427098
,-12.1441,0.61995,-1.73114,1.235091658
,-12.8127,0.59743,-1.75855,1.271198268
,-13.269,0.5934,-1.77678,1.301829748
,-13.6688,0.59763,-1.79814,1.336980118
,-13.9474,0.61746,-1.814,1.369024888
,-14.1864,0.65218,-1.82726,1.404274478
,-14.3701,0.69041,-1.83436,1.435524908
,-14.5654,0.73712,-1.83191,1.469709048
,-14.7405,0.77996,-1.81468,1.501510888
,-14.9341,0.82612,-1.78039,1.535887788
,-15.1304,0.87435,-1.73301,1.568300898
,-15.3582,0.93746,-1.66605,1.603001098
,-15.5954,1.01665,-1.58745,1.635151328
,-15.874,1.11773,-1.49806,1.669011898
,-16.1563,1.22018,-1.41913,1.701126788
,-16.474,1.33733,-1.33109,1.736482708
,-16.7496,1.43432,-1.24765,1.767827788
,-17.0357,1.53343,-1.15559,1.803159778
,-17.2605,1.61874,-1.0763,1.834269678
,-17.4883,1.7129,-0.99345,1.869508708
,-17.6697,1.79354,-0.92498,1.900582118
,-17.8729,1.8857,-0.84206,1.935746748
,-18.0679,1.97286,-0.75992,1.967067048
,-18.3196,2.0759,-0.65705,2.002404158
,-18.5731,2.16745,-0.56258,2.033878698
,-18.8748,2.26226,-0.46664,2.069348658
,-19.1294,2.33398,-0.40154,2.100641878
,-19.372,2.39984,-0.35185,2.135038428
,-19.5458,2.44741,-0.32422,2.166996498
,-19.6748,2.4858,-0.30718,2.201472338
,-19.7599,2.51504,-0.29225,2.237258778
,-19.8106,2.53399,-0.27446,2.267958988
,-19.8535,2.55121,-0.24719,2.300193598
,-19.8944,2.57066,-0.20728,2.335143828
,-19.9259,2.58944,-0.16963,2.367113878
,-19.9538,2.60918,-0.13622,2.401302608
,-19.9777,2.62562,-0.11058,2.433613648
,-20.0043,2.63998,-0.08501,2.467728818
,-20.0343,2.6511,-0.05748,2.500021038
,-20.0741,2.66095,-0.02237,2.535126358
,-20.1192,2.67051,0.0146,2.570422428
,-20.1583,2.682,0.04265,2.601012578
,-20.2066,2.71346,0.07387,2.636151828
,-20.2913,2.81272,0.13535,2.668406988
,-20.4352,3.02307,0.25648,2.703819098
,-20.5861,3.26006,0.3976,2.735083238
,-20.7544,3.53444,0.57023,2.770419778
,-20.8773,3.73711,0.6998,2.801736958
,-20.9774,3.90071,0.79866,2.835998098
,-21.0437,4.00832,0.85472,2.868260658
,-21.1025,4.10704,0.89541,2.902658078
,-21.1532,4.1927,0.92203,2.934068168
,-21.2085,4.28153,0.94217,2.970070988
,-21.2543,4.34974,0.9538,3.001463988
,-21.3031,4.41791,0.96577,3.037095048
,-21.3442,4.47316,0.97912,3.067829468
,-21.3897,4.53495,0.99891,3.103402668
,-21.429,4.59246,1.02094,3.134849558
,-21.4713,4.66539,1.0535,3.169177698
,-21.506,4.73698,1.08669,3.200619458
,-21.5366,4.80659,1.11611,3.235949448
,-21.5578,4.85455,1.13472,3.267184208
,-21.5783,4.89764,1.15296,3.302654768
,-21.5941,4.92639,1.16738,3.334248188
,-21.6093,4.94961,1.18127,3.369305318
,-21.6224,4.96571,1.19283,3.400480218
,-21.6375,4.98092,1.20535,3.435776578
,-21.6513,4.99172,1.21598,3.466992818
,-21.6686,5.00281,1.22946,3.502351898
,-21.6861,5.01263,1.24349,3.533652248
,-21.7057,5.02221,1.25879,3.569064348
,-21.7223,5.02896,1.27098,3.602700818
,-21.7356,5.03297,1.27993,3.635245068
,-21.7471,5.03511,1.28692,3.666702498
,-21.7604,5.03637,1.29445,3.702145398
,-21.7755,5.03653,1.30272,3.736859008
,-21.7916,5.03631,1.31156,3.767613668
,-21.8146,5.03503,1.32356,3.803564888
,-21.8387,5.03279,1.33508,3.834947908
,-21.8686,5.02889,1.34729,3.870085738
,-21.8963,5.02476,1.35693,3.901358138
,-21.9288,5.01932,1.36657,3.936692678
,-21.9582,5.01352,1.3734,3.967974198
,-21.9904,5.00641,1.37914,4.003383708
,-22.0193,4.99971,1.38288,4.034661238
,-22.0542,4.99146,1.38621,4.069974118
,-22.0871,4.9834,1.3889,4.101326348
,-22.123,4.97337,1.39181,4.135816998
,-22.1544,4.96298,1.39453,4.167239098
,-22.1857,4.9517,1.39759,4.201712628
,-22.2112,4.94258,1.39978,4.234067848
,-22.2365,4.93339,1.4001,4.269748228
,-22.2551,4.9261,1.39839,4.300295318
,-22.275,4.91775,1.39411,4.335859958
,-22.2931,4.90972,1.38891,4.366874038
,-22.3153,4.8999,1.38251,4.402600328
,-22.3357,4.89092,1.37747,4.434019848
,-22.3583,4.88146,1.37323,4.468734588
,-22.3763,4.87437,1.37034,4.500662728
,-22.3935,4.8683,1.36753,4.536042888
,-22.4065,4.86443,1.36514,4.566705448
,-22.4203,4.86154,1.36221,4.601856978
,-22.4328,4.86039,1.3591,4.633399658
,-22.447,4.86044,1.35508,4.669015048
,-22.4586,4.86191,1.35184,4.700228998
,-22.4715,4.86543,1.34881,4.735458338
,-22.4883,4.87143,1.34621,4.770350128
,-22.5112,4.88029,1.3439,4.802256318
,-22.5424,4.89287,1.34176,4.836943108
,-22.5721,4.90503,1.33962,4.868428768
,-22.6057,4.91913,1.33718,4.903644158
,-22.6323,4.93216,1.33442,4.935139208
,-22.6559,4.94601,1.33084,4.970412738
,-22.6716,4.95652,1.32665,5.001788908
,-22.6851,4.96691,1.321,5.037066728
,-22.6949,4.97569,1.3157,5.068703208
,-22.7038,4.98479,1.31031,5.100084508
,-22.7131,4.99445,1.30513,5.135554488
,-22.7212,5.00399,1.30062,5.170118128
,-22.728,5.01291,1.29637,5.201907998
,-22.7339,5.02134,1.29175,5.233456378
,-22.7397,5.03083,1.28511,5.268131208
,-22.7451,5.03985,1.27685,5.303544448
,-22.7494,5.04678,1.2687,5.334582198
,-22.7543,5.05279,1.25927,5.369178348
,-22.7586,5.05691,1.25074,5.400875548
,-22.7631,5.06025,1.2386,5.435486808
,-22.7688,5.06228,1.21732,5.467909878
,-22.777,5.06275,1.17938,5.503024058
,-22.7816,5.06254,1.14351,5.534566458
,-22.7816,5.06232,1.11285,5.569991398
,-22.7773,5.06158,1.09492,5.600630868
,-22.7653,5.05934,1.0755,5.635946038
,-22.7402,5.05676,1.05528,5.667113808
,-22.6812,5.05602,1.03206,5.701311368
,-22.5659,5.05603,1.01196,5.733400868
,-22.3368,5.05451,0.98849,5.768833508
,-22.0861,5.04693,0.9637,5.800225668
,-21.8312,5.02701,0.92727,5.834435198
,-21.6216,4.99092,0.87671,5.870139808
,-21.4771,4.94433,0.82113,5.901680788
,-21.3554,4.88207,0.75521,5.937110288
,-21.2827,4.82906,0.70714,5.968574568
,-21.2321,4.77528,0.66671,6.003028138
,-21.2022,4.7257,0.63195,6.035295548
,-21.1859,4.67415,0.59126,6.070009148
,-21.183,4.62563,0.54771,6.101529308
,-21.1909,4.56835,0.49463,6.136937978
,-21.206,4.51972,0.45201,6.167405248
,-21.2331,4.45882,0.40478,6.202587258
,-21.2738,4.38925,0.35861,6.234476908
,-21.3534,4.2875,0.29763,6.269066778
,-21.4862,4.16336,0.22563,6.300519078
,-21.745,3.98109,0.11027,6.336063458
,-22.0993,3.7823,-0.03995,6.367728168
,-22.6123,3.52677,-0.27437,6.402426368
,-23.1552,3.2584,-0.54962,6.433997848
,-23.8085,2.92138,-0.91498,6.469431608
,-24.3809,2.63062,-1.23016,6.500962878
,-24.9974,2.34251,-1.52297,6.535625728
,-25.599,2.1005,-1.73469,6.567550448
,-26.3785,1.8499,-1.90396,6.601446938
,-27.3453,1.62684,-2.02535,6.634043918
,-28.5986,1.43895,-2.12503,6.668341558
,-30.0985,1.28653,-2.21504,6.704583318
,-31.4911,1.18021,-2.29735,6.735135248
,-33.297,1.09321,-2.4236,6.770525408
,-35.0561,1.0733,-2.57369,6.801957478
,-37.1216,1.10127,-2.78816,6.836562748
,-39.1513,1.16858,-3.03493,6.869070208
,-41.3821,1.24514,-3.33937,6.903463908
,-43.5356,1.29711,-3.6339,6.934226268
,-46.0005,1.30339,-3.92026,6.966781068
,-48.5563,1.24833,-4.13054,7.000896528
,-51.2485,1.1071,-4.24883,7.036217958
,-53.7512,0.93218,-4.28619,7.068548088
,-56.4024,0.73417,-4.29961,7.102801818
,-58.9067,0.56112,-4.32376,7.134726538
,-61.8354,0.39332,-4.38495,7.170074488
,-64.475,0.25758,-4.48109,7.201663358
,-67.3317,0.12365,-4.60254,7.236228418
,-69.9486,-9.00E-05,-4.6835,7.268735018
,-72.6204,-0.1351,-4.70871,7.303119608
,-74.8816,-0.26182,-4.67865,7.333845468
,-77.4016,-0.42092,-4.56059,7.370050728
,-79.4871,-0.55645,-4.41882,7.401591978
,-81.7879,-0.69388,-4.2642,7.436781698
,-83.7648,-0.78976,-4.15192,7.467807198
,-85.9329,-0.89434,-4.05233,7.503353858
,-87.7049,-1.00333,-3.98996,7.533906088
,-89.7689,-1.13553,-3.92211,7.569305628
,-91.689,-1.21918,-3.85028,7.601139098
,-93.9141,-1.27615,-3.74384,7.636478798
,-95.9534,-1.31343,-3.60127,7.666897038
,-98.4981,-1.35745,-3.3619,7.702229878
,-100.919,-1.40694,-3.10679,7.733401068
,-103.826,-1.50453,-2.7881,7.768751878
,-106.572,-1.63986,-2.45465,7.800720208
,-109.718,-1.8466,-1.94619,7.836022541
,-112.581,-2.05154,-1.32489,7.867519021
,-115.947,-2.25899,-0.48523,7.902107451
,-119.14,-2.40629,0.28385,7.933601941
,-122.659,-2.51509,1.03939,7.969035711
,-125.5,-2.55899,1.58832,8.000404481
,-128.381,-2.57449,2.08193,8.035548011
,-130.801,-2.60829,2.41621,8.066853771
,-133.466,-2.66529,2.70957,8.102139561
,-135.723,-2.72099,2.89968,8.133642891
,-137.957,-2.78399,3.03684,8.168579441
,-139.594,-2.83869,3.11006,8.200282351
,-140.885,-2.89929,3.13866,8.234563161
,-141.677,-2.95569,3.12116,8.270657801
,-141.967,-2.99319,3.07896,8.302086741
,-142.032,-3.01589,3.05186,8.333389941
,-141.997,-3.06329,3.01802,8.368749011
,-140.877,-3.43739,2.81453,8.400166521
,-137.022,-3.96909,2.44977,8.435039481
,-131.511,-4.26599,2.09677,8.466813661
,-124.272,-4.38319,1.71855,8.502277091
,-116.618,-4.42599,1.38261,8.536945361
,-109.687,-4.50369,1.12637,8.567515291
,-102.251,-4.60609,0.8038,8.600105161
,-93.6369,-4.72059,0.41341,8.635171991
,-84.2111,-4.84529,0.25385,8.670190071
,-74.7105,-4.99499,0.4143,8.701802331
,-64.9804,-5.12729,0.71371,8.733395481
,-54.9671,-5.18999,0.9238,8.766891131
,-45.2815,-5.09149,0.86154,8.803226671
,-38.8498,-4.79909,0.43581,8.834264431
,-33.9394,-4.50139,-0.25684,8.868712891
,-31.4021,-4.29909,-0.9079,8.901189841
,-30.524,-4.16269,-1.40549,8.936383561
,-30.5395,-4.09439,-1.70506,8.967711841
,-31.9246,-3.95139,-2.53646,9.003054381
,-35.5028,-3.80729,-3.56109,9.034143741
,-42.4591,-3.59109,-4.64586,9.069988931
,-50.1115,-3.32219,-5.21848,9.100608741
,-59.8043,-2.93459,-5.35893,9.136239501
,-67.5462,-2.69549,-5.06889,9.167710591
,-74.1153,-2.62119,-4.56344,9.202960181
,-77.2397,-2.71019,-4.30858,9.234444411
,-77.9369,-2.87339,-4.27674,9.269351311
,-77.7593,-3.11179,-4.31055,9.300400481
,-75.6358,-4.06839,-4.50204,9.336333481
,-72.1947,-4.94519,-4.68224,9.366886831
,-68.1021,-5.63889,-4.77392,9.402364211
,-65.5545,-5.93519,-4.77973,9.437877241
,-64.8188,-5.99789,-4.76599,9.469259681
,-64.7166,-6.00499,-4.75337,9.500761601
,-64.5565,-5.99749,-4.69756,9.534975691
,-63.5694,-5.86569,-4.39071,9.570166841
,-62.0346,-5.62109,-3.99155,9.601778811
,-60.4469,-5.36169,-3.64219,9.633432681
,-59.041,-5.13919,-3.40543,9.668400601
,-58.2319,-5.00779,-3.34108,9.700236091
,-57.7776,-4.92559,-3.35242,9.735101061
,-57.5408,-4.87509,-3.38722,9.766706181
,-57.2904,-4.80359,-3.43507,9.801735961
,-56.9659,-4.66179,-3.48612,9.837175141
,-56.6305,-4.46609,-3.5329,9.866998941
,-56.2355,-4.20709,-3.58618,9.902157571
,-55.8891,-3.98609,-3.63058,9.933690551
,-55.5059,-3.76399,-3.67691,9.969900651
,-55.2151,-3.60729,-3.70762,10.00136863
,-54.9596,-3.46699,-3.73643,10.03540993
,-54.7808,-3.35679,-3.76435,10.06750115
,-54.6339,-3.25029,-3.7975,10.10328701
,-54.5331,-3.16649,-3.82635,10.13412292
,-54.4289,-3.07169,-3.85627,10.16896737
,-54.3178,-2.96619,-3.88043,10.20441026
,-54.1992,-2.85369,-3.89276,10.23586599
,-54.0471,-2.70809,-3.89366,10.2704704
,-53.9107,-2.57679,-3.88153,10.30234408
,-53.7858,-2.45689,-3.85368,10.33384884
,-53.6285,-2.30119,-3.78582,10.36941803
,-53.4202,-2.07737,-3.6809,10.40376128
,-53.1977,-1.83914,-3.5686,10.43565607
,-53.0036,-1.66558,-3.45292,10.47127771
,-52.9053,-1.59234,-3.38684,10.50240785
,-52.8528,-1.55696,-3.34725,10.5370228
,-52.814,-1.53569,-3.29576,10.56843063
,-52.7225,-1.49347,-3.08075,10.60384416
,-52.6144,-1.46191,-2.80691,10.63456659
,-52.5104,-1.42427,-2.61078,10.66989344
,-52.3965,-1.3556,-2.47294,10.70139707
,-52.2184,-1.23271,-2.29575,10.7367627
,-52.0934,-1.15066,-2.19105,10.76819447
,-52.0303,-1.13263,-2.15014,10.80298105
,-51.9871,-1.14067,-2.12691,10.83397634
,-51.9253,-1.15481,-2.10926,10.86936535
,-51.8182,-1.17397,-2.11512,10.90036092
,-51.5921,-1.20706,-2.15048,10.93626654
,-51.3879,-1.23997,-2.16631,10.96680281
,-51.2442,-1.29767,-2.16117,11.0026916
,-51.1645,-1.36901,-2.13951,11.03365097
,-51.1035,-1.42726,-2.10551,11.06893192
,-51.0649,-1.4452,-2.08552,11.1003349
,-51.0105,-1.44548,-2.07706,11.13604322
,-50.9464,-1.4369,-2.07659,11.17047857
,-50.9035,-1.43322,-2.07959,11.20192944
,-50.8826,-1.44466,-2.0871,11.23612871
,-50.855,-1.48066,-2.10501,11.26879271
,-50.8019,-1.5301,-2.13951,11.30027122
,-50.6239,-1.6321,-2.26351,11.33494063
,-50.2403,-1.78251,-2.5837,11.36955615
,-49.8177,-1.88175,-2.95846,11.40184381
,-49.4451,-1.92184,-3.28779,11.43676439
,-49.2257,-1.95401,-3.51821,11.46803023
,-49.0884,-2.00288,-3.70538,11.50267427
,-49.0386,-2.04789,-3.80344,11.53515952
,-49.0346,-2.07599,-3.83803,11.57047754
,-49.0714,-2.09343,-3.83927,11.60126698
,-49.481,-2.19499,-3.77661,11.63595892
,-50.3371,-2.45449,-3.68459,11.66765241
,-51.3584,-2.87239,-3.62429,11.70350016
,-51.9801,-3.16919,-3.57332,11.73445468
,-52.3483,-3.36249,-3.52061,11.76924782
,-52.4835,-3.43629,-3.49503,11.80012137
,-52.5375,-3.46239,-3.4836,11.83635087
,-52.5507,-3.46729,-3.48032,11.86744992
,-52.5536,-3.47149,-3.47882,11.90278589
,-52.5312,-3.48539,-3.48192,11.93386957
,-51.8846,-3.63209,-3.54201,11.96931361
,-49.5671,-3.81239,-3.6242,12.00081552
,-45.7544,-3.84839,-3.7184,12.03526684
,-41.9269,-3.83989,-3.85468,12.07027951
,-39.2219,-3.75489,-4.02103,12.10202804
,-37.0847,-3.54649,-4.1687,12.13726079
,-35.9176,-3.29249,-4.24034,12.16845993
,-35.2523,-3.01409,-4.26547,12.2002247
,-34.7708,-2.55829,-4.30044,12.23381669
,-34.2192,-1.58676,-4.36075,12.26688637
,-33.4701,0.16766,-4.39356,12.30208776
,-32.6929,2.05394,-4.39701,12.33334162
,-31.758,4.00834,-4.36209,12.36820917
,-30.7629,5.558,-4.33484,12.40345703
,-29.9018,6.5447,-4.36682,12.4345632
,-28.9678,7.330828,-4.47485,12.46962805
,-28.2055,7.8026756,-4.58651,12.50129731
,-27.5433,8.109201,-4.67395,12.53652979
,-27.1413,8.231885,-4.69115,12.56818337
,-26.8607,8.255438,-4.66464,12.60335058
,-26.7335,8.23109,-4.63236,12.633884
,-26.6249,8.157664,-4.58798,12.66913046
,-26.5165,8.034902,-4.53062,12.7008673
,-26.379,7.8529474,-4.44894,12.73608098
,-26.2241,7.641802,-4.34611,12.7672995
,-26.0193,7.357048,-4.17312,12.802126
,-25.8408,7.078355,-3.98302,12.83428364
,-25.7074,6.78531,-3.80245,12.86874464
,-25.6421,6.49767,-3.65719,12.90079451
,-25.6295,6.12212,-3.50866,12.93620118
,-25.6693,5.8084,-3.4018,12.96762868
,-25.7684,5.49805,-3.30406,13.00297778
,-25.9204,5.21452,-3.19695,13.03717762
,-26.135,4.93439,-3.04775,13.06893898
,-26.4265,4.6364,-2.8559,13.10057575
,-26.8194,4.30191,-2.65226,13.13597103
,-27.2019,4.0126,-2.53029,13.16701192
,-27.637,3.69475,-2.48467,13.20169273
,-28.0255,3.39754,-2.52759,13.23733177
,-28.2882,3.17867,-2.63063,13.26872905
,-28.5012,2.97571,-2.77861,13.30012434
,-28.6943,2.7494,-2.97269,13.33570435
,-28.813,2.57067,-3.13302,13.36964503
,-28.8614,2.47032,-3.22198,13.40146511
,-28.8723,2.42045,-3.26287,13.43652883
,-28.8692,2.39965,-3.27876,13.46747109
,-28.852,2.38216,-3.29246,13.50298611
,-28.7997,2.35711,-3.31263,13.53471866
,-28.6088,2.29264,-3.36425,13.56997566
,-28.2716,2.19423,-3.44935,13.60062141
,-27.6967,2.04402,-3.60253,13.63582853
,-27.077,1.88708,-3.78296,13.66780029
,-26.3366,1.69619,-4.02043,13.70272572
,-25.618,1.53051,-4.23317,13.73415721
,-24.7394,1.37136,-4.43637,13.76964114
,-23.95,1.25852,-4.57619,13.80015089
,-23.0502,1.16617,-4.72409,13.83572921
,-22.3411,1.12618,-4.83654,13.86711878
,-21.7061,1.10667,-4.91998,13.90224663
,-21.2712,1.09297,-4.96187,13.93736023
,-20.9957,1.0796,-4.97847,13.96854623
,-20.79,1.06347,-4.9836,14.00041762
,-20.6122,1.04362,-4.98759,14.03475146
,-20.4478,1.0265,-4.99557,14.07099122
,-20.2995,1.01373,-5.00605,14.10142315
,-20.0625,0.99384,-5.02086,14.13694274
,-19.7811,0.9808,-5.03074,14.16829412
,-19.3976,0.98116,-5.0311,14.20378889
,-19.0237,0.99442,-5.0311,14.23531875
,-18.6492,1.02567,-5.0311,14.26678473
,-18.2641,1.06698,-5.03291,14.30087595
,-17.892,1.10581,-5.05123,14.33626297
,-17.5601,1.13985,-5.08805,14.36670231
,-16.9562,1.21004,-5.18711,14.40320835
,-16.0283,1.29577,-5.36175,14.43476328
,-14.5004,1.37365,-5.65684,14.47011606
,-12.8695,1.43038,-5.954991,14.50089637
,-10.9338,1.50694,-6.219592,14.53500725
,-8.88213,1.60172,-6.330755,14.57079511
,-7.23771,1.69624,-6.33652,14.60229417
,-5.83401,1.78644,-6.310644,14.63376957
,-4.54632,1.86301,-6.24205,14.6689017
,-3.61059,1.92674,-6.151239,14.70001246
,-2.71905,2.02876,-6.032165,14.73526233
,-1.9756,2.16321,-5.92775,14.76689311
,-1.12014,2.34588,-5.77771,14.80212987
,-0.230544,2.52141,-5.57744,14.83591317
,0.688568,2.65682,-5.37278,14.86814523
,1.75375,2.74657,-5.16946,14.9032075
,2.76972,2.78017,-5.01632,14.93453436
,3.85427,2.78089,-4.89868,14.96981873
,4.69579,2.75124,-4.84513,15.00093518
,5.52059,2.6711,-4.82327,15.03652091
,6.13982,2.57,-4.81026,15.06765304
,6.74102,2.43821,-4.77848,15.1031407
,7.19387,2.32389,-4.73364,15.13464945
,7.64274,2.21257,-4.68101,15.17041251
,8.00698,2.11546,-4.65261,15.20124699
,8.39481,1.98719,-4.64917,15.23651626
,8.67568,1.87781,-4.66844,15.26709559
,8.94594,1.76634,-4.70464,15.30179378
,9.17985,1.67844,-4.73473,15.33414673
,9.44362,1.61406,-4.75793,15.36785505
,9.79189,1.59514,-4.78175,15.40002382
,-5.56315,1.32293,-4.53216,15.43514596
,-23.0256,0.98704,-4.26122,15.47051986
,-38.6381,0.66143,-4.03016,15.50217857
,-55.8258,0.27668,-3.7762,15.53699424
,-71.2014,-0.08586,-3.54657,15.56834591
,-88.4695,-0.50966,-3.29128,15.60328731
,-104.144,-0.90907,-3.06015,15.63525336
,-120.595,-1.34552,-2.81748,15.66870481
,-136.549,-1.78205,-2.58363,15.70116266
,-153.792,-2.25899,-2.33222,15.73635466
,-169.39,-2.68809,-2.1039,15.76808494
,-180,-3.12809,-1.85138,15.801787
,-180,-3.51359,-1.58802,15.83443731
,-180,-3.85949,-1.27221,15.86949703
,-180,-4.11579,-0.96209,15.90085211
,-180,-4.35119,-0.61758,15.93552039
,-180,-4.53359,-0.32111,15.9675523
,-180,-4.70319,-0.00219,16.00292591
,-180,-4.82219,0.32461,16.03357765
,-180,-4.93309,0.6989,16.06887486
,-180,-5.00239,0.82587,16.1037869
,-180,-5.03509,0.84227,16.13468638
,-180,-5.04469,0.8409,16.17012926
,-180,-5.04989,0.83957,16.20217086
,-180,-5.05879,0.83893,16.23688476
,-180,-5.08579,0.83892,16.2681395
,-180,-5.18319,0.84416,16.30340247
,-180,-5.33119,0.862,16.3348485
,-180,-5.53249,0.87507,16.37011122
,-180,-5.70649,0.85902,16.40168183
,-180,-5.86229,0.79684,16.43575109
,-180,-5.98769,0.7332,16.46769862
,-180,-6.13129,0.70136,16.50313894
,-180,-6.26239,0.69743,16.53472267
,-180,-6.36909,0.69743,16.56924154
,-180,-6.40709,0.70156,16.60067275
,-180,-6.39719,0.74702,16.63596311
,-180,-6.36059,0.8655,16.6673102
,-180,-6.32029,1.06419,16.7026231
,-180,-6.27489,1.25857,16.73425301
,-180,-6.18079,1.41942,16.76975234
,-180,-6.03839,1.47841,16.80120264
,-180,-5.82749,1.46103,16.83593306
,-180,-5.63199,1.38202,16.86676127
,-180,-5.41899,1.21581,16.90213971
,-180,-5.25689,0.99742,16.93376165
,-180,-5.11219,0.68835,16.96923133
,-180,-5.02359,0.37005,17.0042939
,-180,-4.99709,0.14481,17.03456902
,-180,-4.99719,-0.01302,17.06682902
,-180,-5.02129,-0.09253,17.10212366
,-180,-5.09199,-0.10249,17.13647204
,-180,-5.19369,-0.0701,17.16788756
,-180,-5.32259,-0.00675,17.20352205
,-180,-5.43049,0.01267,17.23437506
,-180,-5.52229,-0.05044,17.26977061
,-180,-5.55889,-0.1898,17.30139711
,-180,-5.56199,-0.39143,17.33629459
,-180,-5.56199,-0.5282,17.36789059
,-180,-5.56479,-0.58913,17.40348972
,-180,-5.57539,-0.58393,17.43410068
,-180,-5.57429,-0.54886,17.46853657
,-180,-5.48799,-0.54186,17.5009454
,-180,-5.16169,-0.64268,17.53649749
,-180,-4.68469,-0.85416,17.56676661
,-180,-3.99569,-1.23878,17.60271101
,-180,-3.35779,-1.68875,17.63726809
,-180,-2.89319,-2.11988,17.66811197
,-180,-2.54889,-2.59072,17.70066992
,-180,-2.31279,-3.10152,17.73516828
,-180,-2.18939,-3.54505,17.76763555
,-180,-2.15009,-3.87986,17.80192947
,-180,-2.16149,-4.03063,17.83647456
,-180,-2.19199,-4.0183,17.86822193
,-180,-2.19169,-3.82789,17.90399525
,-180,-2.14519,-3.53292,17.93471455
,-180,-2.04745,-3.13995,17.97023612
,-180,-1.96148,-2.80421,18.00182158
,-180,-1.92236,-2.49662,18.03350396
,-180,-1.95216,-2.19546,18.06841059
,-180,-2.06962,-1.93514,18.10281657
,-180,-2.22789,-1.68975,18.13412176
,-180,-2.42799,-1.40828,18.16961312
,-180,-2.60299,-1.17769,18.20158003
,-180,-2.74019,-0.99188,18.23575906
,-180,-2.81979,-0.87127,18.26698499
,-180,-2.87589,-0.77319,18.30267591
,-180,-2.90789,-0.72251,18.33374731
,-180,-2.93349,-0.72157,18.36926747
,-180,-2.93909,-0.77588,18.40080929
,-180,-2.93139,-0.86105,18.43595283
,-180,-2.91439,-0.92281,18.46718361
,-180,-2.89779,-0.96226,18.50214895
,-180,-2.88859,-0.98448,18.53365002
,-180,-2.88319,-1.00077,18.569317
,-180,-2.88199,-1.00487,18.60364827
,-180,-2.88569,-0.98888,18.63481603
,-180,-2.90169,-0.93865,18.66908485
,-180,-2.91629,-0.87436,18.70199147
,-180,-2.92559,-0.80253,18.73702351
,-180,-2.94209,-0.73704,18.76756234
,-180,-3.00269,-0.64537,18.80297672
,-180,-3.14429,-0.5498,18.83505739
,-180,-3.40979,-0.5357,18.87042531
,-180,-3.61779,-0.69737,18.90158338
,-180,-3.76709,-1.07159,18.93628187
,-180,-3.86859,-1.47548,18.96743651
,-180,-3.94759,-1.93399,19.00350149
,-180,-3.96839,-2.26155,19.03336091
,-180,-3.97299,-2.55527,19.06909632
,-180,-3.98699,-2.7562,19.10065527
,-180,-4.03779,-2.93042,19.13596302
,-180,-4.11089,-3.04013,19.16737
,-180,-4.18889,-3.13148,19.20222302
,-180,-4.24749,-3.19424,19.23385979
,-180,-4.30119,-3.23867,19.26946576
,-180,-4.34329,-3.26621,19.30066174
,-180,-4.38279,-3.28637,19.336132
,-180,-4.42749,-3.30295,19.37050291
,-180,-4.49759,-3.33352,19.40153469
,-180,-4.61489,-3.41856,19.43702548
,-180,-4.73189,-3.55793,19.46866082
,-180,-4.82439,-3.75777,19.50037314
,-180,-4.88419,-3.98992,19.5348384
,-180,-4.92229,-4.16433,19.57018522
,-180,-4.94719,-4.24786,19.60167459
,-180,-4.96429,-4.28457,19.6370502
,-180,-4.97419,-4.29794,19.66826356
,-180,-4.98599,-4.30899,19.70359897
,-180,-5.00149,-4.32074,19.73439098
,-180,-5.02739,-4.33637,19.76985953
,-180,-5.06319,-4.35407,19.80108659
,-180,-5.12149,-4.37809,19.83582043
,-180,-5.20319,-4.40705,19.86679034
,-180,-5.34989,-4.44866,19.90204963
,-180,-5.50529,-4.48735,19.93435925
,-180,-5.64019,-4.52101,19.96935053
,-180,-5.72369,-4.54247,20.00002137
,-180,-5.81629,-4.56428,20.03508109
,-180,-5.91639,-4.58165,20.06673837
,-180,-6.04789,-4.58079,20.1024236
,-180,-6.16269,-4.53008,20.13703741
,-180,-6.24749,-4.44154,20.16863882
,-180,-6.32159,-4.34362,20.20033744
,-180,-6.40269,-4.25123,20.23484977
,-180,-6.48119,-4.17852,20.26701084
,-180,-6.57389,-4.10781,20.30145301
,-180,-6.69839,-4.02545,20.33711543
,-180,-6.84959,-3.92868,20.3680768
,-180,-7.03499,-3.80336,20.40369845
,-180,-7.19159,-3.68532,20.43502103
,-180,-7.34209,-3.55314,20.46672765
,-180,-7.54429,-3.36361,20.50110141
,-180,-7.86229,-3.09796,20.53650981
,-180,-8.15789,-2.87874,20.56782554
,-180,-8.38109,-2.72355,20.60270479
,-180,-8.48669,-2.65884,20.6341722
,-180,-8.59769,-2.60841,20.66900326
,-180,-8.76289,-2.56749,20.70354323
,-180,-8.95269,-2.55564,20.73567637
,-180,-9.13059,-2.56212,20.76723389
,-180,-9.31799,-2.60081,20.80241278
,-180,-9.50619,-2.70245,20.83815275
,-180,-9.64569,-2.86526,20.86961959
,-180,-9.72699,-3.11081,20.90099206
,-180,-9.73779,-3.48371,20.93525718
,-180,-9.66819,-3.91343,20.96729337
,-180,-9.49789,-4.39478,21.00206086
,-180,-9.26979,-4.78635,21.03353711
,-180,-8.98369,-5.1197,21.06887365
,-180,-8.74759,-5.31929,21.10048447
,-180,-8.51869,-5.44058,21.13572351
,-180,-8.35919,-5.46919,21.16706605
,-180,-8.23379,-5.46258,21.20250125
,-180,-8.15189,-5.44836,21.23776282
,-180,-8.09329,-5.44403,21.2681055
,-180,-8.00259,-5.44392,21.30029393
,-180,-7.83589,-5.43789,21.33510759
,-180,-7.61519,-5.41253,21.37049203
,-180,-7.42989,-5.37229,21.40078653
,-180,-7.25519,-5.30787,21.43681303
,-180,-7.13669,-5.24543,21.46815528
,-180,-7.03849,-5.17814,21.50292591
,-180,-6.97699,-5.11695,21.534137
,-180,-6.92499,-5.04889,21.56895437
,-180,-6.88059,-4.98165,21.60041835
,-180,-6.83059,-4.88036,21.6358792
,-180,-6.78869,-4.74315,21.66726338
,-180,-6.74649,-4.51831,21.70276414
,-180,-6.71369,-4.25782,21.73824494
,-180,-6.68989,-4.03593,21.76912818
,-180,-6.66869,-3.80857,21.80072644
,-180,-6.64399,-3.54776,21.83611716
,-180,-6.61679,-3.28369,21.86757345
,-180,-6.58319,-2.94827,21.9020892
,-180,-6.53999,-2.64144,21.93412025
,-180,-6.47109,-2.34232,21.96923385
,-180,-6.40109,-2.12231,22.00041161
,-180,-6.31649,-1.93267,22.03494274
,-180,-6.22979,-1.78854,22.06945705
,-180,-6.16169,-1.68785,22.10197706
,-180,-6.11969,-1.62502,22.13356167
,-180,-6.09239,-1.57847,22.16791918
,-180,-6.07379,-1.53822,22.20369935
,-180,-6.06119,-1.50967,22.234054
,-180,-6.04439,-1.4817,22.27044801
,-180,-6.02659,-1.45645,22.30185327
,-180,-6.00839,-1.42808,22.3372015
,-180,-5.99729,-1.41061,22.3675459
,-180,-5.99049,-1.40222,22.40300048
,-180,-5.98519,-1.39974,22.43422071
,-180,-5.97839,-1.3999,22.46971263
,-180,-5.97299,-1.40204,22.50118632
,-180,-5.96679,-1.40632,22.536723
,-180,-5.96059,-1.4125,22.56724017
,-180,-5.95249,-1.42215,22.60265797
,-180,-5.94329,-1.43212,22.6334973
,-180,-5.93389,-1.44267,22.66882502
,-180,-5.92639,-1.45392,22.70402186
,-180,-5.91809,-1.46919,22.73537779
,-180,-5.90229,-1.50348,22.76674514
,-180,-5.88059,-1.56612,22.80170963
,-180,-5.86109,-1.6498,22.83701196
,-180,-5.84819,-1.72787,22.86860568
,-180,-5.83959,-1.80053,22.90023645
,-180,-5.83259,-1.86816,22.93553081
,-180,-5.82729,-1.90609,22.96680721
,-180,-5.82229,-1.92418,23.00166992
,-180,-5.81669,-1.93295,23.03659107
,-180,-5.81029,-1.93803,23.0681537
,-180,-5.79909,-1.94577,23.10319488
,-180,-5.78009,-1.96207,23.13477976
,-180,-5.75509,-1.98759,23.17001481
,-180,-5.73909,-2.00622,23.20147196
,-180,-5.73009,-2.01741,23.23663545
,-180,-5.72649,-2.02263,23.2681747
,-180,-5.72519,-2.02587,23.30352778
,-180,-5.72679,-2.02614,23.33401614
,-180,-5.73299,-2.02363,23.36924519
,-180,-5.74719,-2.01578,23.40116617
,-180,-5.82289,-1.97242,23.4355787
,-180,-6.05449,-1.84407,23.47123001
,-180,-6.32389,-1.70106,23.50182073
,-180,-6.58059,-1.5699,23.53731609
,-180,-6.66669,-1.52158,23.56880972
,-180,-6.66179,-1.52115,23.60024319
,-180,-6.62909,-1.5373,23.63470676
,-180,-6.59519,-1.55516,23.66690517
,-180,-6.55669,-1.56853,23.70042247
,-180,-6.49089,-1.57511,23.73594947
,-180,-6.41779,-1.57355,23.76841502
,-180,-6.34269,-1.56654,23.80370425
,-180,-6.28609,-1.55951,23.83396111
,-180,-6.23509,-1.55358,23.87002041
,-180,-6.20339,-1.55179,23.90480785
,-180,-6.18699,-1.55273,23.9356218
,-180,-6.17609,-1.55543,23.96763974
,-180,-6.16649,-1.56004,24.00199437
,-180,-6.15729,-1.56867,24.0342595
,-180,-6.14949,-1.58258,24.06888759
,-180,-6.14479,-1.59836,24.10038009
,-180,-6.14069,-1.61793,24.1357899
,-180,-6.13689,-1.63618,24.16982439
,-180,-6.13249,-1.65199,24.20214539
,-180,-6.12799,-1.66825,24.23344173
,-180,-6.12369,-1.6874,24.26765098
,-180,-6.11759,-1.70767,24.30306308
,-180,-6.10919,-1.72752,24.33463228
,-180,-6.09689,-1.75092,24.3701379
,-180,-6.08399,-1.76841,24.40035143
,-180,-6.06149,-1.78053,24.43667216
,-180,-6.02929,-1.77775,24.46765832
,-180,-5.97229,-1.74407,24.50309009
,-180,-5.90079,-1.68258,24.53455094
,-180,-5.79759,-1.58398,24.56924174
,-180,-5.67099,-1.44946,24.60456831
,-180,-5.54699,-1.29303,24.63641006
,-180,-5.44219,-1.12718,24.66757185
,-180,-5.35869,-1.01772,24.70213149
,-180,-5.26459,-1.03933,24.73340618
,-180,-5.12599,-1.19485,24.76898706
,-180,-4.96159,-1.48124,24.8037859
,-180,-4.81049,-1.86254,24.83501012
,-180,-4.70829,-2.33525,24.8668399
,-180,-4.70139,-2.85679,24.90132826
,-180,-4.83689,-3.31786,24.93649659
,-179.351,-5.10099,-3.70287,24.96815132
,-176.804,-5.57729,-4.15115,25.00376899
,-174.811,-6.22919,-4.53571,25.0339084
,-172.77,-7.29129,-4.93574,25.06900918
,-171.106,-8.33699,-5.32739,25.10174901
,-169.47,-9.28649,-5.81782,25.13713203
,-168.106,-9.94839,-6.275658,25.16744048
,-166.513,-10.54179,-6.808192,25.20272001
,-165.047,-10.92419,-7.272582,25.23398699
,-163.28,-11.19329,-7.773996,25.26909317
,-161.538,-11.28959,-8.15924,25.30008161
,-159.346,-11.25219,-8.44323,25.33517554
,-156.977,-11.02559,-8.50004,25.37032278
,-154.852,-10.68449,-8.43732,25.40160059
,-152.501,-10.20249,-8.33025,25.43682765
,-150.604,-9.76649,-8.24466,25.46807411
,-148.822,-9.35799,-8.15169,25.50318172
,-147.549,-9.16879,-8.04818,25.53470986
,-146.481,-9.23019,-7.929052,25.56990471
,-145.84,-9.50899,-7.855018,25.60146792
,-145.166,-10.04129,-7.794444,25.63598622
,-144.543,-10.66039,-7.751277,25.66811763
,-143.877,-11.33039,-7.729917,25.70276024
,-143.328,-11.81789,-7.727077,25.73389664
,-142.802,-12.22299,-7.727011,25.76914395
,-142.437,-12.47749,-7.726303,25.80088962
,-142.169,-12.66799,-7.72633,25.83588204
,-142.053,-12.76959,-7.729185,25.86756898
,-142.019,-12.82199,-7.735315,25.90273816
,-142.023,-12.84409,-7.741439,25.9342928
,-142.142,-12.87669,-7.772684,25.96887069
,-142.969,-12.83429,-7.89618,26.00060266
,-144.71,-12.44529,-8.03085,26.03434404
,-146.961,-11.70879,-8.15102,26.06686748
,-149.797,-10.63099,-8.27223,26.10123183
,-153.091,-9.32049,-8.39526,26.13362526
,-157.321,-7.64449,-8.61026,26.16768226
,-162.692,-5.68679,-8.97908,26.20328424
,-168.534,-3.85059,-9.4354,26.23453298
,-176.139,-1.67455,-10.00763,26.26967138
,-180,0.19225,-10.49806,26.30146893
,-180,1.90649,-10.9572,26.33570868
,-180,3.17129,-11.32789,26.36753845
,-180,4.15857,-11.56414,26.40337934
,-180,4.60218,-11.51344,26.43400456
,-180,4.60779,-11.06902,26.46932344
,-180,4.18749,-10.45403,26.50408009
,-180,3.61367,-9.85301,26.53583261
,-180,3.00858,-9.23382,26.56710331
,-180,2.40466,-8.51036,26.60167349
,-180,1.90286,-7.763736,26.63780776
,-180,1.56915,-7.227671,26.66920019
,-180,1.28918,-6.796246,26.7007423
,-180,1.01064,-6.328788,26.73555626
,-180,0.75725,-5.86474,26.7670522
,-180,0.43395,-5.35199,26.8015879
,-180,0.08246,-4.93748,26.83337635
,-180,-0.36336,-4.5603,26.86882383
,-180,-0.85594,-4.2808,26.90319844
,-180,-1.35261,-4.06728,26.93408083
,-180,-1.9641,-3.81188,26.97023164
,-180,-2.47899,-3.54808,27.00121209
,-180,-3.10349,-3.14374,27.03667636
,-180,-3.80859,-2.64197,27.06729645
,-180,-4.95949,-1.76507,27.10336286
,-180,-6.21909,-0.69461,27.1339359
,-180,-7.95849,0.91615,27.16992077
,-180,-9.64389,2.5434,27.20030223
,-180,-11.99239,4.79506,27.23624804
,-180,-14.48769,7.08636,27.26739215
,-180,-18.14749,10.23516,27.30242648
,-180,-22.83299,13.81816,27.33403074
,-180,-29.27129,18.42966,27.36890799
,-180,-35.03869,22.54406,27.40050541
,-180,-40.57469,26.39016,27.43585878
,-180,-44.56429,29.11346,27.46687459
,-180,-48.44049,31.57756,27.50235882
,-180,-51.67229,33.51216,27.53728482
,-180,-54.07979,34.95396,27.56865358
,-180,-56.28259,36.23196,27.60359069
,-180,-57.99559,37.19166,27.63506978
,-180,-59.68439,38.13046,27.67027434
,-180,-60.99109,38.84266,27.70125793
,-180,-62.33679,39.58436,27.73673988
,-180,-63.42009,40.23576,27.7677249
,-180,-64.57689,41.01156,27.80295283
,-180,-65.54059,41.73426,27.83356152
,-180,-66.73499,42.72396,27.86973799
,-180,-67.83039,43.65546,27.9010771
,-180,-69.02599,44.65336,27.93523702
,-180,-70.02659,45.48486,27.9671452
,-180,-70.87979,46.22616,28.00266849
,-180,-71.37989,46.70146,28.03406377
,-180,-71.71639,47.05496,28.06965833
,-180,-71.90109,47.26596,28.10106074
,-180,-72.02719,47.42226,28.13628041
,-180,-72.09949,47.52576,28.16709549
,-180,-72.16549,47.65606,28.20269034
,-180,-72.19909,47.77366,28.23416688
,-180,-72.19829,47.90466,28.2695878
,-180,-72.15389,48.02206,28.30019563
,-180,-72.03699,48.18676,28.33593075
,-180,-71.89159,48.35476,28.36721513
,-180,-71.67999,48.55916,28.40218532
,-180,-71.40149,48.74076,28.4336345
,-180,-70.99689,48.86096,28.46835295
,-180,-70.58369,48.90326,28.50360369
,-180,-70.31199,48.91076,28.53423803
,-180,-70.11489,48.91716,28.56667051
,-180,-70.00079,48.91516,28.60202872
,-180,-69.94299,48.92656,28.63647288
,-180,-69.82849,49.00536,28.66812218
,-180,-69.56099,49.20086,28.70329507
,-180,-69.31999,49.43976,28.73484032
,-180,-69.15219,49.87916,28.77002461
,-180,-69.12629,50.45936,28.80067947
,-180,-69.26199,51.07346,28.83600916
,-180,-69.54579,51.62366,28.86763308
,-180,-70.10509,52.35866,28.90282023
,-180,-70.80759,53.21746,28.93429277
,-180,-71.80099,54.47306,28.9695512
,-180,-72.79829,55.77846,29.00100008
,-180,-74.04469,57.32626,29.03619692
,-180,-75.36349,58.72006,29.06783654
,-180,-76.81309,60.04626,29.10261203
,-180,-77.94829,60.87166,29.13413333
,-180,-78.94779,61.43106,29.16925805
,-180,-79.48339,61.71916,29.20045662
,-180,-79.72319,61.90186,29.23561069
,-180,-79.84359,62.13036,29.26671118
,-180,-79.93319,62.92836,29.3010647
,-180,-79.93189,64.53616,29.33605257
,-180,-79.91759,66.37646,29.36810216
,-180,-80.03449,68.49326,29.40251611
,-180,-80.37529,70.46206,29.43490384
,-180,-80.98319,72.50166,29.46933319
,-180,-81.73699,74.41626,29.50132919
,-180,-82.69609,76.62146,29.53599375
,-180,-83.63319,78.76796,29.56766329
,-180,-84.69099,81.34216,29.60331631
,-180,-85.59269,83.72466,29.63492173
,-180,-86.51139,86.32776,29.67024117
,-180,-87.25059,88.58346,29.70177929
,-180,-87.99549,90.89916,29.7364008
,-180,-88.61789,92.88676,29.76787963
,-180,-89.20749,94.99716,29.80342261
,-180,-89.50629,96.56416,29.83503656
,-180,-89.66159,98.00316,29.86957339
,-180,-89.70639,99.19716,29.90124807
,-180,-89.74509,100.35916,29.93625931
,-180,-89.80249,101.30916,29.96763264
,-180,-89.88289,102.40416,30.00279441
,-180,-89.96569,103.41316,30.03399695
,0,-89.92221,104.60416,30.06994275
,0,-89.80501,105.62416,30.10059874
,0,-89.66841,106.81516,30.13589424
,0,-89.57911,107.92416,30.16736422
,0,-89.53611,109.30316,30.20255023
,0,-89.52461,110.71716,30.23821978
,0,-89.52311,111.78316,30.26938498
,0,-89.51451,112.62116,30.30089173
,0,-89.50471,113.24016,30.33604781
,0,-89.50561,113.52416,30.36682899
,0,-89.51831,113.61716,30.40199933
,0,-89.57091,113.64716,30.43377322
,0,-89.99601,113.42716,30.46856037
,-180,-88.95539,112.25516,30.50075567
,-180,-87.20939,109.92016,30.53447397
,-180,-84.10929,105.66316,30.56707238
,-180,-79.54089,99.47616,30.60203431
,-180,-75.18089,93.65816,30.63356731
,-180,-70.14859,86.91706,30.6686943
,-180,-65.37309,80.54546,30.70042915
,-180,-59.85669,73.28806,30.73509598
,-180,-54.56219,66.34256,30.76668229
,-180,-48.46119,58.30756,30.80177251
,-180,-42.32249,50.09356,30.83589394
,-180,-36.32019,42.10936,30.86844189
,-180,-29.56999,33.22066,30.90372626
,-180,-23.60239,25.45546,30.93418099
,-180,-17.71299,17.85956,30.97003928
,-180,-14.85689,14.06566,31.000632
,-180,-12.57409,10.78576,31.03660946
,-180,-11.15169,8.64756,31.06776695
,-180,-9.94929,6.82046,31.10280073
,-180,-9.11009,5.47356,31.13431205
,-180,-8.33319,4.21986,31.16860826
,-180,-7.61269,3.17776,31.20023592
,-180,-6.87879,2.2239,31.2354701
,-180,-6.26469,1.47924,31.27024784
,-180,-5.77409,0.89768,31.3023439
,-180,-5.35709,0.40817,31.33388886
,-180,-4.96219,-0.04436,31.36910167
,-180,-4.67689,-0.36286,31.40083336
,-180,-4.44279,-0.62372,31.43548479
,-180,-4.25729,-0.83164,31.46972168
,-180,-4.10609,-1.00143,31.50158681
,-180,-3.94939,-1.18838,31.53717738
,-180,-3.79929,-1.38954,31.56848712
,-180,-3.60899,-1.66699,31.60329909
,-180,-3.41709,-1.95643,31.63467527
,-180,-3.22379,-2.24429,31.66890277
,-180,-3.09039,-2.43169,31.70042605
,-180,-3.00359,-2.53803,31.73640038
,-180,-2.96039,-2.57893,31.76790001
,-180,-2.92869,-2.59886,31.80236071
,-180,-2.91129,-2.60509,31.83355842
,-180,-2.89259,-2.61,31.86952506
,-180,-2.87529,-2.6154,31.90041542
,-180,-2.85319,-2.6238,31.93550849
,-180,-2.82689,-2.6357,31.97093143
,-180,-2.79869,-2.64998,32.00263577
,-180,-2.76529,-2.66722,32.03391728
,-180,-2.72149,-2.68645,32.06874035
,-180,-2.67549,-2.698,32.10006207
,-180,-2.60979,-2.70001,32.13530339
,-180,-2.54969,-2.69286,32.16972562
,-180,-2.50949,-2.68245,32.20081414
,-180,-2.47559,-2.66727,32.23707101
,-180,-2.42759,-2.63649,32.26859373
,-180,-2.30329,-2.5397,32.30347126
,-180,-2.11756,-2.38063,32.3382225
,-180,-1.94744,-2.22307,32.36890502
,-180,-1.79082,-2.06295,32.401841
,-180,-1.67055,-1.92305,32.43710056
,-180,-1.60442,-1.83574,32.46807589
,-180,-1.55731,-1.77199,32.50259133
,-180,-1.52659,-1.73159,32.53447527
,-180,-1.50302,-1.69609,32.56993699
,-180,-1.4914,-1.66775,32.60132601
,-180,-1.48825,-1.63375,32.63564959
,-180,-1.49075,-1.60368,32.66718399
,-180,-1.49683,-1.57652,32.70272468
,-180,-1.50148,-1.55752,32.73439851
,-180,-1.50519,-1.54157,32.76977441
,-180,-1.50759,-1.53095,32.80109497
,-180,-1.51007,-1.5206,32.83651819
,-180,-1.51236,-1.51222,32.86791631
,-180,-1.51429,-1.50348,32.90255463
,-180,-1.51563,-1.4965,32.9338889
,-180,-1.51734,-1.49251,32.96841804
,-180,-1.51916,-1.49239,33.0002421
,-180,-1.52506,-1.50082,33.03560487
,-180,-1.5859,-1.60542,33.06675553
,-180,-1.77688,-1.95098,33.10213255
,-180,-1.96135,-2.27556,33.13348735
,-180,-2.08379,-2.44716,33.16752127
,-180,-2.15239,-2.52149,33.20355347
,-180,-2.24119,-2.59845,33.23466308
,-180,-2.37359,-2.68873,33.2698967
,-180,-2.44039,-2.72598,33.30099918
,-180,-2.45589,-2.73656,33.33585817
,-180,-2.45989,-2.74457,33.36761696
,-180,-2.46429,-2.75908,33.40196305
,-180,-2.46889,-2.77402,33.43398128
,-180,-2.47539,-2.7948,33.46831083
,-180,-2.47999,-2.80993,33.50079007
,-180,-2.48319,-2.81891,33.53442397
,-180,-2.48839,-2.82765,33.56695482
,-180,-2.50009,-2.83758,33.60223949
,-180,-2.53489,-2.85901,33.63363648
,-180,-2.66089,-2.92277,33.66855934
,-180,-2.91929,-3.03392,33.70257841
,-180,-3.21499,-3.13132,33.73502116
,-180,-3.51879,-3.16606,33.77047602
,-180,-3.73909,-3.1483,33.80101342
,-180,-3.96609,-3.10236,33.83719958
,-180,-4.15929,-3.03236,33.86791801
,-180,-4.43059,-2.92085,33.9038128
,-180,-4.67879,-2.84114,33.93447024
,-180,-4.92169,-2.93869,33.97024841
,-180,-5.10109,-3.3554,34.00087477
,-180,-5.27609,-4.08203,34.03703699
,-180,-5.43699,-4.75071,34.06783326
,-180,-5.38019,-5.35912,34.1020887
,-180,-5.14599,-5.80482,34.13374684
,-180,-4.85889,-6.211238,34.16908112
,-180,-4.52719,-6.573778,34.20502294
,-180,-4.12049,-6.9267314,34.23534937
,-180,-3.52119,-7.491768,34.26711558
,-180,-2.79039,-8.41923,34.30197172
,-180,-2.14539,-9.44341,34.33360904
,-180,-1.43411,-10.61322,34.36888458
,-180,-0.69615,-11.60289,34.40369512
,-180,0.00227,-12.32698,34.435006
,-180,0.76374,-13.00945,34.47067526
,-180,1.37206,-13.41673,34.5018818
,-180,1.9289,-13.65088,34.53657059
,-180,2.30784,-13.74493,34.56809874
,-180,2.5742,-13.77908,34.60369275
,-180,2.668,-13.76262,34.63486366
,-180,2.63882,-13.6302,34.67026265
,-180,2.47122,-13.3989,34.70070084
,-180,2.24566,-12.62982,34.73703213
,-180,2.15002,-11.77869,34.76715699
,-180,2.06399,-10.79716,34.80324563
,-180,2.00737,-9.98472,34.8336134
,-180,1.94839,-9.05055,34.86911702
,-180,1.89142,-8.23464,34.90038086
,-180,1.80782,-7.31137,34.93621777
,-180,1.71484,-6.51674,34.96718681
,-180,1.58631,-5.6118,35.00260118
,-180,1.46295,-4.82209,35.03357992
,-171.943,1.32558,-3.92632,35.06922524
,-156.801,1.21689,-3.16104,35.10048966
,-139.836,1.11269,-2.35245,35.13546471
,-122.775,1.03821,-1.61354,35.17048735
,-107.215,0.98675,-1.03352,35.20206824
,-91.7926,0.93095,-0.58665,35.23334235
,-74.4066,0.83298,-0.21914,35.26814207
,-56.7264,0.69185,0.06266,35.30355331
,-40.8697,0.50968,0.23428,35.3352123
,-26.007,0.27954,0.26753,35.36888385
,-21.5067,0.19531,0.15874,35.40124051
,-19.8388,0.17211,-0.03063,35.4365283
,-19.3577,0.16811,-0.16426,35.46802622
,-19.1463,0.1641,-0.25836,35.50322249
,-19.0581,0.15968,-0.30616,35.53722304
,-19.0054,0.15256,-0.33907,35.56992979
,-18.9635,0.14447,-0.36934,35.60158252
,-18.9232,0.13614,-0.40336,35.63615556
,-18.889,0.13006,-0.43851,35.66749668
,-18.8521,0.12718,-0.48359,35.70338662
,-18.8248,0.12858,-0.51986,35.73407284
,-18.8011,0.13446,-0.55214,35.76906328
,-18.7811,0.14222,-0.57979,35.80013468
,-18.7554,0.15373,-0.6179,35.83595928
,-18.7294,0.16303,-0.66146,35.86817252
,-18.6991,0.17046,-0.72246,35.90213971
,-18.6693,0.17635,-0.79634,35.93434355
,-18.6368,0.18303,-0.90209,35.96920369
Vedio-11,-0.0206103,-0.844318,-9.257294,0.300214578
,-0.0276839,-0.875281,-9.127649,0.333978218
,-0.0341801,-0.90366,-8.978553,0.366819538
,-0.0396423,-0.951881,-8.707421,0.401974758
,-0.0408444,-1.018065,-8.37261,0.437043008
,-0.041173,-1.078425,-8.12418,0.467644288
,-0.0446475,-1.134764,-7.92168,0.502851678
,-0.0505575,-1.166824,-7.80314,0.534310818
,-0.0585567,-1.189135,-7.71142,0.570231548
,-0.0642383,-1.201473,-7.65641,0.600804298
,-0.0669884,-1.211457,-7.61482,0.636173918
,-0.0668415,-1.217412,-7.59694,0.668011408
,-5.79101,-1.250834,-7.36563,0.703125018
,-21.1903,-1.328493,-6.75034,0.734727278
,-38.0196,-1.415565,-6.05946,0.769127828
,-53.3337,-1.498861,-5.42153,0.800528518
,-70.0795,-1.594104,-4.72888,0.834781398
,-85.897,-1.688979,-4.08401,0.867256088
,-103.108,-1.801219,-3.38883,0.902655918
,-118.352,-1.911379,-2.7696,0.933846488
,-135.495,-2.049949,-2.05419,0.969026508
,-150.595,-2.187829,-1.40036,1.000067408
,-167.384,-2.359069,-0.65276,1.034833468
,-180,-2.551419,0.13014,1.071134528
,-180,-2.532749,-0.03565,1.101790268
,-166.301,-2.394089,-0.73641,1.133428738
,-148.771,-2.236239,-1.5524,1.169696738
,-133.641,-2.102519,-2.30272,1.201072908
,-117.123,-1.961459,-3.25093,1.235667328
,-102.11,-1.837799,-4.34118,1.267403318
,-85.6822,-1.699699,-5.96063,1.303023828
,-71.9498,-1.571293,-7.80614,1.333737988
,-56.8341,-1.400107,-10.501863,1.368966198
,-43.7408,-1.219814,-13.4094,1.400629488
,-29.8341,-0.968932,-16.93721,1.435401818
,-17.4109,-0.6311127,-20.34727,1.467077928
,-10.5576,-0.33093,-22.38557,1.502157608
,-7.76602,-0.124534,-23.33667,1.537575408
,-6.42356,0.033017,-23.83117,1.568935348
,-5.59845,0.177535,-24.14997,1.600156988
,-4.98819,0.328707,-24.41547,1.635861888
,-4.60241,0.455771,-24.61807,1.667174778
,-4.25117,0.607201,-24.85137,1.702726868
,-19.4843,0.109285,-22.67607,1.737783448
,-33.0835,-0.345882,-20.71797,1.769247738
,-46.7119,-0.809198,-18.74346,1.800671528
,-62.0249,-1.333277,-16.51936,1.835994668
,-76.8862,-1.841549,-14.36185,1.870133208
,-90.4846,-2.304059,-12.39092,1.901659628
,-105.774,-2.820339,-10.177927,1.936847058
,-119.318,-3.274549,-8.21612,1.968173068
,-134.636,-3.783759,-5.99067,2.003514748
,-148.374,-4.232799,-3.9904,2.035331978
,-162.143,-4.675399,-1.98619,2.066947358
,-177.279,-5.153259,0.21195,2.101944628
,-180,-5.572109,2.18303,2.133388668
,-180,-6.024339,4.38153,2.168741468
,-180,-6.404699,6.30983,2.200167258
,-180,-6.791519,8.38493,2.235137438
,-180,-7.132669,10.35033,2.270259298
,-180,-7.395119,11.97263,2.301818798
,-180,-7.611149,13.43273,2.333374008
,-180,-7.784679,14.76163,2.367874918
,-180,-7.903849,15.76153,2.403433258
,-180,-7.975899,16.30423,2.434810548
,-180,-8.060599,16.50853,2.470106038
,-180,-8.150289,16.50933,2.501701188
,-180,-8.307229,16.60683,2.537043728
,-180,-8.487199,16.85423,2.567777858
,-180,-8.881849,17.55353,2.602613478
,-180,-9.851929,19.48343,2.633389528
,-180,-11.998869,24.35863,2.668713228
,-180,-15.182369,32.22303,2.704797308
,-180,-18.713269,40.98903,2.735714468
,-180,-22.137569,49.87913,2.766972048
,-180,-25.558669,59.51423,2.801412518
,-180,-28.440869,68.30413,2.838189398
,-180,-30.013669,73.30653,2.868809478
,-180,-31.312869,77.23213,2.900092148
,-180,-32.455369,80.98643,2.934778668
,-180,-33.331869,84.27503,2.967471158
,-180,-34.095769,87.35893,3.002577628
,-180,-34.640269,89.45713,3.033934128
,-180,-35.146169,91.01363,3.068703028
,-180,-35.534269,91.91463,3.100120258
,-180,-35.928469,92.63363,3.135632708
,-180,-36.271569,93.19963,3.166840678
,-180,-36.676069,93.87163,3.202186648
,-180,-37.014069,94.47263,3.233431968
,-180,-37.329169,95.08263,3.269269148
,-180,-37.513669,95.47363,3.300679248
,-180,-37.629969,95.75663,3.335166478
,-180,-37.692169,95.95563,3.366714568
,-180,-37.736769,96.15063,3.401818478
,-180,-37.760569,96.29463,3.433357738
,-180,-37.772369,96.40263,3.468269768
,-180,-37.775269,96.46963,3.503682728
,-180,-37.774369,96.50263,3.535273868
,-180,-37.769969,96.51763,3.570539708
,-180,-37.762769,96.52363,3.602163928
,-180,-37.729369,96.52363,3.633693758
,-180,-37.578669,96.45463,3.668931658
,-180,-37.200869,96.15663,3.700299568
,-180,-36.393369,95.36763,3.735687718
,-180,-35.305969,94.15563,3.767030248
,-180,-33.653969,92.10863,3.802414698
,-180,-31.695969,89.42653,3.836555528
,-180,-29.726069,86.45933,3.868249608
,-180,-27.327869,82.62923,3.903528568
,-180,-24.961769,78.55983,3.934870538
,-180,-21.894769,73.03543,3.969320698
,-180,-18.719569,66.91553,4.001216058
,-180,-15.244469,59.64793,4.036364718
,-180,-12.345269,53.03203,4.068242398
,-180,-9.484529,45.57993,4.103855778
,-180,-7.341419,38.79033,4.134453338
,-180,-5.416409,31.33033,4.168960818
,-180,-4.047489,24.84273,4.200648318
,-180,-2.796939,18.38733,4.236208958
,-180,-1.835939,13.51643,4.268158478
,-180,-0.987383,9.22013,4.303143208
,-180,-0.39218,6.20863,4.334406478
,-180,0.068346,3.81563,4.368245098
,-180,0.334051,2.25093,4.402783068
,-180,0.431771,1.41943,4.434425538
,-180,0.453051,0.81133,4.470935278
,-180,0.444731,0.47903,4.501328418
,-180,0.417851,0.19739,4.536862538
,-180,0.384931,-0.00115,4.568570568
,-180,0.339571,-0.17135,4.603754878
,-180,0.290646,-0.27897,4.634445678
,-180,0.211075,-0.39225,4.670184788
,-180,0.107565,-0.50569,4.701599458
,-180,-0.059489,-0.66834,4.735820968
,-180,-0.260821,-0.86443,4.768171908
,-180,-0.499749,-1.09833,4.802676518
,-180,-0.7294534,-1.31636,4.834629458
,-180,-0.966283,-1.52422,4.868531938
,-180,-1.163212,-1.67436,4.900029868
,-180,-1.359832,-1.79447,4.935962848
,-180,-1.534504,-1.87535,4.970538188
,-180,-1.686079,-1.91976,5.001779798
,-180,-1.847759,-1.93167,5.036711488
,-180,-1.977459,-1.91094,5.069033348
,-180,-2.102649,-1.84542,5.103599818
,-180,-2.222719,-1.73247,5.134921548
,-180,-2.362379,-1.55195,5.166788388
,-180,-2.538019,-1.28261,5.201425308
,-180,-2.722709,-0.96942,5.237136198
,-180,-2.875629,-0.69834,5.267682728
,-180,-3.064699,-0.37337,5.303169248
,-180,-3.241459,-0.07998,5.334557398
,-180,-3.441929,0.24409,5.370047898
,-180,-3.626619,0.53423,5.401253288
,-180,-3.832549,0.84923,5.435592538
,-180,-4.017339,1.13003,5.466915118
,-180,-4.222369,1.44883,5.502190958
,-180,-4.405859,1.74633,5.534067498
,-180,-4.603999,2.08473,5.569455368
,-180,-4.766929,2.37153,5.600947298
,-180,-4.937659,2.66003,5.636322068
,-180,-5.072899,2.87483,5.666810728
,-180,-5.221119,3.10203,5.703081278
,-180,-5.351769,3.30013,5.737044488
,-180,-5.463459,3.46923,5.768294078
,-180,-5.564259,3.62003,5.800834038
,-180,-5.652659,3.74993,5.834923828
,-180,-5.737399,3.87013,5.870983968
,-180,-5.803069,3.96233,5.901594358
,-180,-5.869289,4.05293,5.937203468
,-180,-5.921659,4.12033,5.968165398
,-180,-5.976339,4.18543,6.002842808
,-180,-6.017649,4.22833,6.034390618
,-180,-6.044259,4.24823,6.066989038
,-180,-6.056469,4.25003,6.100489518
,-180,-6.063429,4.23203,6.133498478
,-180,-6.047339,3.81933,6.167840578
,-180,-5.830829,2.07503,6.203853958
,-180,-5.470189,-0.21238,6.235273758
,-180,-4.947849,-3.28698,6.270188068
,-180,-4.455159,-6.2929,6.301752408
,-180,-4.018969,-9.321914,6.333398008
,-180,-3.678459,-12.52454,6.367656878
,-180,-3.550959,-15.44777,6.402940678
,-180,-3.622469,-17.60615,6.434287498
,-180,-3.843779,-19.63777,6.470291188
,-180,-4.035639,-21.01947,6.500326248
,-180,-4.216279,-22.06787,6.536353588
,-180,-4.328999,-22.48327,6.567680728
,-180,-4.407829,-22.65877,6.602502668
,-180,-4.452699,-22.71157,6.633856618
,-180,-4.510169,-22.73567,6.669420968
,-180,-4.601399,-22.73517,6.700798568
,-180,-4.752339,-22.69007,6.735831478
,-180,-4.931479,-22.57117,6.767160048
,-180,-5.229669,-22.16037,6.802450688
,-180,-5.672299,-21.17657,6.833687738
,-180,-6.468629,-19.18071,6.869207318
,-180,-7.578159,-16.44114,6.900350848
,-180,-9.322339,-12.18515,6.934979208
,-180,-11.375269,-7.24185,6.966986038
,-180,-13.899369,-1.156,7.001428488
,-180,-16.872369,5.60203,7.037307018
,-180,-19.719369,11.73593,7.068855118
,-180,-22.879869,19.61033,7.103543038
,-180,-24.904469,26.91523,7.135152438
,-180,-26.136069,33.95733,7.170606748
,-180,-26.672669,38.95763,7.201621418
,-180,-27.017769,43.49903,7.236270308
,-180,-27.214369,47.01073,7.268474438
,-180,-27.330069,50.31823,7.303596298
,-180,-27.368169,52.83943,7.334671708
,-180,-27.358169,55.11583,7.369341678
,-180,-27.305469,56.59153,7.401377008
,-180,-27.211769,57.46193,7.436834158
,-180,-27.162969,57.72053,7.468085188
,-180,-27.129269,57.81653,7.503662078
,-180,-27.102669,57.85243,7.534515658
,-180,-27.062869,57.87773,7.570230538
,-180,-27.003869,57.89913,7.601871878
,-180,-26.890369,57.93603,7.636712068
,-180,-26.735969,58.00083,7.666741708
,-180,-26.508269,58.12473,7.702229928
,-180,-26.295769,58.25273,7.734583448
,-180,-26.058269,58.38783,7.770053418
,-180,-25.844469,58.49213,7.800708578
,-180,-25.597869,58.58973,7.835433018
,-180,-25.359069,58.66043,7.867098598
,-180,-25.051369,58.71583,7.903017038
,-180,-24.749469,58.74163,7.933604628
,-180,-24.367969,58.75373,7.969739468
,-180,-23.906469,58.74703,8.009651078
,-180,-23.609069,58.72443,8.036108941
,-180,-23.262969,58.67253,8.067416411
,-180,-22.895969,58.58093,8.102130291
,-180,-22.582669,58.47253,8.134476681
,-180,-22.286169,58.34153,8.169826921
,-180,-22.056069,58.21773,8.200298191
,-180,-21.795869,58.05033,8.236206661
,-180,-21.572269,57.88593,8.266758041
,-180,-21.312169,57.67723,8.302324381
,-180,-21.086769,57.48783,8.334143041
,-180,-20.866069,57.30903,8.369566541
,-180,-20.691869,57.19053,8.403737011
,-180,-20.562369,57.11953,8.435750401
,-180,-20.446369,57.06013,8.470512171
,-180,-20.345069,57.00383,8.501966181
,-180,-20.226769,56.92363,8.536583981
,-180,-20.098569,56.81133,8.568941481
,-180,-19.919569,56.60983,8.603648521
,-180,-19.681869,56.27303,8.635115921
,-180,-19.334169,55.67013,8.666932591
,-180,-18.861869,54.64653,8.701614831
,-180,-18.384469,53.39413,8.733341391
,-180,-17.851369,51.67493,8.769314291
,-180,-17.529669,49.65753,8.802791681
,-180,-17.518269,47.21153,8.835525811
,-180,-17.710169,44.44083,8.870058371
,-180,-17.905969,41.69103,8.901949731
,-180,-18.027469,38.75043,8.935547141
,-180,-18.032869,36.06883,8.968206011
,-180,-17.912469,33.68123,9.003655171
,-180,-17.703769,32.00353,9.035291371
,-180,-17.471069,30.70683,9.069666841
,-180,-17.342369,30.08213,9.100418621
,-180,-17.312969,29.91833,9.136967421
,-180,-17.314869,29.91693,9.168221861
,-180,-17.355669,30.06293,9.203477731
,-180,-17.452269,30.50083,9.234247211
,-180,-17.568269,31.17813,9.269495661
,-180,-17.663669,31.84593,9.304772351
,-180,-17.740569,32.36013,9.336392291
,-180,-17.810769,32.78723,9.367091081
,-180,-17.905369,33.21703,9.402717001
,-180,-18.010469,33.58513,9.434139941
,-180,-18.152669,34.01943,9.468970711
,-180,-18.308569,34.48373,9.502877461
,-180,-18.460169,34.95003,9.535623271
,-180,-18.597469,35.37203,9.567025391
,-180,-18.739969,35.80203,9.602197711
,-180,-18.854569,36.13933,9.633630341
,-180,-18.961769,36.44573,9.668928971
,-180,-19.047269,36.67853,9.703756621
,-180,-19.114969,36.85053,9.735350621
,-180,-19.174769,37.00403,9.766834851
,-180,-19.232969,37.15793,9.802152301
,-180,-19.280669,37.28613,9.833644791
,-180,-19.333069,37.42663,9.868557101
,-180,-19.383169,37.55443,9.900106631
,-180,-19.436169,37.68013,9.935136431
,-180,-19.482569,37.77863,9.969788731
Vedio-13,-64.033,62.333,-27.43935,0.301292763
,-74.9817,56.3796,-26.3416,0.336561163
,-85.0128,51.488,-25.18101,0.367968983
,-96.255,46.6275,-23.71722,0.402194773
,-107.003,42.612,-22.18673,0.434050503
,-119.366,38.7402,-20.306,0.469387333
,-130.7,35.8598,-18.4748,0.500709633
,-143.799,33.229,-16.2112,0.535840903
,-157.026,31.1426,-13.7953,0.570481813
,-169.233,29.5589,-11.5424,0.601840603
,-180,27.9449,-9.0328,0.637248443
,-180,26.5343,-6.8227,0.668841013
,-180,25.0652,-4.6502,0.700162743
,-180,23.2526,-2.282,0.735337073
,-180,21.2612,-0.1029,0.769974533
,-180,19.2325,1.6939,0.801537443
,-180,16.6943,3.3921,0.836674133
,-180,14.1312,4.5542,0.867989603
,-180,11.3849,4.8723,0.903242633
,-180,10.3106,3.1071,0.934519873
,-180,9.1876,1.1187,0.969516573
,-180,8.2273,-0.6728,1.000941213
,-180,7.204,-2.668,1.035968703
,-180,6.247,-4.6239,1.070477883
,-180,5.406,-6.3867,1.101848643
,-180,4.479,-8.3557,1.137092543
,-168.193,3.673,-10.0974,1.168356403
,-152.867,2.784,-12.0625,1.203850613
,-139.182,2.018,-13.8011,1.235503343
,-123.906,1.203,-15.7094,1.270583003
,-110.469,0.537,-17.3309,1.301305733
,-94.954,-0.215,-19.1466,1.336589263
,-81.565,-0.923,-20.7123,1.367211633
,-69.685,-1.697,-22.13393,1.402356013
,-84.1632,-1.773,-20.6777,1.433532333
,-89.8641,-2.04,-20.1873,1.468864893
,-76.0172,-2.529,-21.87162,1.500188033
,-60.5156,-3.074,-23.84825,1.535340973
,-45.2576,-3.649,-25.9208,1.570378743
,-31.6151,-4.219,-27.88931,1.601941383
,-15.1661,-4.985,-30.43212,1.640489913
,-3.44155,-5.561,-32.408748,1.668358748
,10.795,-6.254,-35.23155,1.703343738
,15.9474,-6.488,-36.66858,1.734787198
,17.9438,-6.588,-37.71053,1.770262588
,18.6432,-6.673,-38.6239,1.801670138
,18.9233,-6.857,-40.38342,1.836866398
,18.7156,-7.099,-42.4056,1.867559188
,18.0795,-7.389,-44.6933,1.902652558
,17.4558,-7.575,-46.3649,1.933779548
,16.9629,-7.693,-47.5925,1.969197358
,16.7524,-7.755,-48.1685,2.000611738
,16.6863,-7.801,-48.4352,2.035961118
,16.6849,-7.831,-48.5325,2.071128868
,16.6987,-7.851,-48.5698,2.101889208
,16.7272,-7.876,-48.5947,2.137248558
,16.7669,-7.904,-48.6071,2.168636158
,16.8257,-7.939,-48.6111,2.203373128
,16.881,-7.97,-48.6107,2.234799768
,16.933,-7.998,-48.6095,2.269245088
,16.971,-8.02,-48.6096,2.301541008
,16.9982,-8.038,-48.6113,2.336906628
,17.0146,-8.049,-48.6134,2.367106768
,17.0312,-8.061,-48.616,2.402774318
,17.0463,-8.071,-48.6177,2.433971168
,17.0675,-8.082,-48.6178,2.469432588
,17.0888,-8.091,-48.6161,2.500725238
,17.1144,-8.099,-48.6124,2.535144318
,17.1417,-8.104,-48.6079,2.566952428
,17.1786,-8.109,-48.6033,2.602266738
,17.222,-8.112,-48.5989,2.637135428
,17.2669,-8.114,-48.5919,2.668494218
,17.3259,-8.116,-48.5751,2.704344818
,17.3843,-8.118,-48.5514,2.734761328
,17.4615,-8.119,-48.5205,2.769981278
,17.5277,-8.118,-48.5076,2.801295008
,17.5803,-8.114,-48.5199,2.836588788
,17.6211,-8.106,-48.5739,2.867946718
,17.7188,-8.031,-48.921,2.903274138
,17.8217,-7.814,-49.8118,2.934579048
,17.8973,-7.501,-51.104,2.969844908
,17.9728,-7.282,-51.9927,3.001195418
,18.07,-7.134,-52.6041,3.036587278
,18.1501,-7.065,-52.9132,3.067867938
,18.2238,-7.023,-53.1167,3.102115958
,18.2765,-7.003,-53.2333,3.133697698
,18.3235,-6.994,-53.3241,3.169081298
,18.3576,-6.99,-53.3815,3.200497378
,18.3894,-6.986,-53.4299,3.235813408
,18.4131,-6.981,-53.4651,3.267063008
,18.436,-6.975,-53.5012,3.302319158
,18.4552,-6.968,-53.533,3.336725418
,18.4711,-6.962,-53.5589,3.368083068
,18.4865,-6.957,-53.5793,3.403515118
,18.4996,-6.956,-53.5889,3.434712258
,18.5248,-6.955,-53.5929,3.469910808
,18.567,-6.957,-53.5851,3.501408148
,18.6325,-6.962,-53.5547,3.536376908
,18.7184,-6.969,-53.4998,3.567682948
,18.8408,-6.979,-53.4097,3.602626898
,18.9627,-6.987,-53.312,3.633899868
,19.1076,-6.994,-53.1892,3.669782388
,19.2392,-6.996,-53.0722,3.701077318
,19.3771,-6.996,-52.9483,3.735351868
,19.5011,-6.996,-52.8358,3.767026828
,19.6362,-6.995,-52.7133,3.801347558
,19.8183,-6.981,-52.5736,3.833834208
,20.5312,-6.855,-52.3091,3.869250298
,23.0736,-6.501,-51.9747,3.903616348
,23.0068,-6.189,-51.1679,3.935016778
,8.40418,-6.282,-48.1265,3.969615778
,-4.48107,-6.377,-45.4498,4.000296028
,-18.3642,-6.516,-42.5783,4.033466348
,-33.1007,-6.728,-39.57493,4.068613878
,-47.9059,-7.031,-36.6297,4.104048798
,-60.7556,-7.382,-34.13763,4.134712218
,-75.441,-7.901,-31.361344,4.169858608
,-88.5942,-8.48,-28.94876,4.201430098
,-103.303,-9.243,-26.35368,4.236758108
,-116.388,-9.999,-24.16164,4.268144838
,-131.203,-10.892,-21.85177,4.303338828
,-144.149,-11.651,-19.9856,4.333826348
,-159.42,-12.444,-17.9577,4.369223078
,-173.31,-13.001,-16.2881,4.400687648
,-180,-13.353,-14.579,4.435937808
,-180,-13.363,-13.2428,4.467441718
,-180,-12.982,-12.0808,4.502675338
,-180,-12.274,-11.4171,4.533406618
,-180,-11.295,-11.2331,4.568817298
,-180,-10.817,-11.5361,4.603930048
,-180,-10.499,-11.8825,4.635323888
,-180,-10.237,-12.207,4.666770758
,-180,-9.984,-12.5095,4.701954208
,-180,-9.781,-12.7109,4.733404528
,-180,-9.572,-12.8665,4.768776988
,-180,-9.408,-12.957,4.800154018
,-180,-9.258,-13.0203,4.834576228
,-180,-9.146,-13.0624,4.869942998
,-180,-9.078,-13.0884,4.901655878
,-180,-9.026,-13.1094,4.936825358
,-180,-8.995,-13.1257,4.967917288
,-180,-8.969,-13.1391,5.003108138
,-180,-8.952,-13.141,5.034696728
,-180,-8.94,-13.137,5.069972548
,-180,-8.935,-13.1346,5.100391348
,-180,-8.932,-13.1347,5.136003598
,-180,-8.932,-13.1373,5.167569948
,-180,-8.932,-13.1445,5.202064588
,-180,-8.939,-13.1713,5.233508048
,-180,-8.971,-13.2888,5.268314878
,-180,-9.03,-13.5168,5.303852718
,-180,-9.067,-13.7515,5.335529128
,-180,-9.055,-13.9727,5.370136108
,-180,-8.995,-14.1354,5.401714698
,-180,-8.916,-14.3121,5.437039548
,-180,-8.871,-14.4926,5.468319358
,-180,-8.876,-14.7541,5.503641648
,-180,-8.951,-14.9953,5.534910908
,-180,-9.101,-15.2495,5.570350658
,-180,-9.263,-15.462,5.601619638
,-180,-9.421,-15.6919,5.635858548
,-180,-9.526,-15.9159,5.667871648
,-180,-9.597,-16.1647,5.702450388
,-180,-9.658,-16.3666,5.733816598
,-180,-9.774,-16.5213,5.769050518
,-180,-9.924,-16.5886,5.800247088
,-180,-10.099,-16.6129,5.835490408
,-180,-10.222,-16.6036,5.867544278
,-180,-10.307,-16.5548,5.901697648
,-180,-10.363,-16.4823,5.937175328
,-180,-10.41,-16.4099,5.968601688
,-180,-10.476,-16.3345,6.000028038
,-180,-10.571,-16.2495,6.034755898
,-180,-10.67,-16.1777,6.069992958
,-180,-10.736,-16.1408,6.101551038
,-180,-10.778,-16.1364,6.136982238
,-180,-10.792,-16.1485,6.168366958
,-180,-10.792,-16.1689,6.203538428
,-180,-10.785,-16.1868,6.234055598
,-180,-10.77,-16.2062,6.269448618
,-180,-10.754,-16.2179,6.300780048
,-180,-10.738,-16.2266,6.336125718
,-180,-10.727,-16.2322,6.367554658
,-180,-10.717,-16.2384,6.402717008
,-180,-10.71,-16.2447,6.434023058
,-180,-10.702,-16.2522,6.468003388
,-180,-10.694,-16.2608,6.503751618
,-180,-10.688,-16.2692,6.535331078
,-180,-10.684,-16.2815,6.570027288
,-180,-10.684,-16.2969,6.601616158
,-180,-10.688,-16.3184,6.637197318
,-180,-10.694,-16.3402,6.668639618
,-180,-10.7,-16.3666,6.703046158
,-180,-10.703,-16.3922,6.733975298
,-180,-10.706,-16.4209,6.769449558
,-180,-10.707,-16.4392,6.800918958
,-180,-10.707,-16.4535,6.835476588
,-180,-10.707,-16.4665,6.867042928
,-180,-10.707,-16.4828,6.902620108
,-180,-10.707,-16.4942,6.933859158
,-180,-10.706,-16.5042,6.969251028
,-180,-10.706,-16.5119,7.000654298
,-180,-10.709,-16.518,7.036006238
,-180,-10.719,-16.5193,7.070169588
,-180,-10.767,-16.4881,7.101887318
,-180,-11.03,-16.2247,7.133397488
,-180,-11.777,-15.3911,7.168744008
,-180,-12.854,-14.1378,7.200028088
,-180,-14.491,-12.1683,7.235271988
,-180,-16.526,-9.6349,7.270351948
,-180,-18.692,-6.8512,7.301723838
,-180,-21.404,-3.1784,7.336742208
,-180,-24.046,0.5572,7.368206488
,-180,-27.058,4.9365,7.403101428
,-180,-29.738,8.948,7.434368968
,-180,-32.722,13.6361,7.469778798
,-180,-35.394,18.103,7.501231108
,-180,-38.426,23.2906,7.535868848
,-180,-41.255,28.2399,7.567197128
,-180,-44.338,33.8327,7.603030038
,-180,-46.495,37.7997,7.634372568
,-180,-48.245,41.1567,7.669610468
,-180,-49.283,43.3932,7.700936188
,-180,-50.002,45.3401,7.735343558
,-180,-50.346,46.8893,7.766728288
,-180,-50.429,48.6326,7.802058568
,-180,-50.287,50.0077,7.833443878
,-180,-49.923,51.2555,7.868744808
,-180,-49.473,52.106,7.900355918
,-180,-48.876,52.8674,7.935763458
,-180,-48.218,53.547,7.969886608
,-180,-47.569,54.1751,8.001043848
,-180,-46.775,54.8887,8.036209048
,-180,-45.895,55.5433,8.067871478
,-180,-44.67,56.1989,8.102577378
,-180,-43.39,56.6959,8.133903358
,-180,-41.95,57.1696,8.169317738
,-180,-40.793,57.5186,8.201388148
,-180,-39.717,57.802,8.235643008
,-180,-38.834,57.9779,8.267466798
,-180,-37.961,58.0937,8.302756298
,-180,-37.25,58.1438,8.334256208
,-180,-36.547,58.1491,8.369411718
,-180,-36.052,58.1249,8.400040638
,-180,-35.637,58.0841,8.435366928
,-180,-35.396,58.0651,8.466680098
,-180,-35.198,58.0673,8.501903738
,-180,-35.035,58.0955,8.537144188
,-180,-34.894,58.1302,8.568940608
,-180,-34.783,58.1584,8.600071888
,-180,-34.691,58.1872,8.635543008
,-180,-34.595,58.219,8.666852758
,-180,-34.395,58.2723,8.701152388
,-180,-33.972,58.3623,8.736367188
,-180,-33.359,58.451,8.767809508
,-180,-32.383,58.4926,8.803112988
,-180,-31.314,58.4711,8.834527668
,-180,-30.001,58.4019,8.869783818
,-180,-28.857,58.3072,8.901280298
,-180,-27.735,58.1763,8.935801168
,-180,-26.81,58.0159,8.967193028
,-180,-25.857,57.6328,9.002404988
,-180,-25.226,56.8614,9.033956228
,-180,-24.929,55.3894,9.069376328
,-180,-24.789,53.4044,9.100746518
,-180,-23.603,48.1473,9.135938228
,-180,-22.556,43.5749,9.167229158
,-180,-21.394,38.5406,9.202455648
,-180,-20.288,33.7439,9.236642368
,-180,-19.307,29.432,9.268061598
,-180,-18.25,24.6738,9.303290098
,-180,-17.342,20.5006,9.334602698
,-180,-16.342,15.8698,9.369913008
,-177.912,-15.474,11.89,9.401022608
,-165.249,-14.496,7.503,9.436295298
,-153.892,-13.631,3.7237,9.467634408
,-141.016,-12.663,-0.4029,9.502872588
,-129.441,-11.804,-3.985,9.534175488
,-116.338,-10.84,-7.8948,9.569431918
,-104.554,-9.996,-11.2723,9.600653018
,-91.1117,-9.084,-14.945,9.635854428
,-77.3175,-8.215,-18.4714,9.671524268
,-64.8624,-7.478,-21.4295,9.703155328
,-52.5222,-6.795,-24.13461,9.733823598
,-38.388,-6.076,-26.90402,9.768496128
,-25.7112,-5.493,-28.95768,9.800265188
,-20.1536,-5.289,-29.5322,9.836093828
,-18.1797,-5.23,-29.51685,9.866799738
,-17.3496,-5.19,-29.33878,9.902224098
,-16.9873,-5.142,-29.1328,9.934648888
,-16.662,-5.065,-28.80963,9.969464278
